Causa de muerte	Sexo	Edad	Comunidades y Ciudades Autónomas	Periodo	Total
098  Suicidio y lesiones autoinfligidas	Hombres	Todas las edades	01 Andalucía	2022	651
098  Suicidio y lesiones autoinfligidas	Hombres	Todas las edades	01 Andalucía	2021	661
098  Suicidio y lesiones autoinfligidas	Hombres	Todas las edades	01 Andalucía	2020	576
098  Suicidio y lesiones autoinfligidas	Hombres	Todas las edades	01 Andalucía	2019	478
098  Suicidio y lesiones autoinfligidas	Hombres	Todas las edades	01 Andalucía	2018	505
098  Suicidio y lesiones autoinfligidas	Hombres	Todas las edades	01 Andalucía	2017	506
098  Suicidio y lesiones autoinfligidas	Hombres	Todas las edades	01 Andalucía	2016	528
098  Suicidio y lesiones autoinfligidas	Hombres	Todas las edades	01 Andalucía	2015	525
098  Suicidio y lesiones autoinfligidas	Hombres	Todas las edades	01 Andalucía	2014	621
098  Suicidio y lesiones autoinfligidas	Hombres	Todas las edades	01 Andalucía	2013	620
098  Suicidio y lesiones autoinfligidas	Hombres	Todas las edades	01 Andalucía	2012	617
098  Suicidio y lesiones autoinfligidas	Hombres	Todas las edades	01 Andalucía	2011	521
098  Suicidio y lesiones autoinfligidas	Hombres	Todas las edades	01 Andalucía	2010	537
098  Suicidio y lesiones autoinfligidas	Hombres	Todas las edades	01 Andalucía	2009	583
098  Suicidio y lesiones autoinfligidas	Hombres	Todas las edades	01 Andalucía	2008	658
098  Suicidio y lesiones autoinfligidas	Hombres	Todas las edades	01 Andalucía	2007	539
098  Suicidio y lesiones autoinfligidas	Hombres	Todas las edades	01 Andalucía	2006	553
098  Suicidio y lesiones autoinfligidas	Hombres	Todas las edades	01 Andalucía	2005	530
098  Suicidio y lesiones autoinfligidas	Hombres	Todas las edades	01 Andalucía	2004	535
098  Suicidio y lesiones autoinfligidas	Hombres	Todas las edades	01 Andalucía	2003	585
098  Suicidio y lesiones autoinfligidas	Hombres	Todas las edades	01 Andalucía	2002	532
098  Suicidio y lesiones autoinfligidas	Hombres	Todas las edades	01 Andalucía	2001	520
098  Suicidio y lesiones autoinfligidas	Hombres	Todas las edades	01 Andalucía	2000	544
098  Suicidio y lesiones autoinfligidas	Hombres	Todas las edades	01 Andalucía	1999	531
098  Suicidio y lesiones autoinfligidas	Hombres	Todas las edades	01 Andalucía	1998	501
098  Suicidio y lesiones autoinfligidas	Hombres	Todas las edades	01 Andalucía	1997	548
098  Suicidio y lesiones autoinfligidas	Hombres	Todas las edades	01 Andalucía	1996	503
098  Suicidio y lesiones autoinfligidas	Hombres	Todas las edades	01 Andalucía	1995	495
098  Suicidio y lesiones autoinfligidas	Hombres	Todas las edades	01 Andalucía	1994	526
098  Suicidio y lesiones autoinfligidas	Hombres	Todas las edades	01 Andalucía	1993	429
098  Suicidio y lesiones autoinfligidas	Hombres	Todas las edades	01 Andalucía	1992	427
098  Suicidio y lesiones autoinfligidas	Hombres	Todas las edades	01 Andalucía	1991	440
098  Suicidio y lesiones autoinfligidas	Hombres	Todas las edades	01 Andalucía	1990	437
098  Suicidio y lesiones autoinfligidas	Hombres	Todas las edades	01 Andalucía	1989	496
098  Suicidio y lesiones autoinfligidas	Hombres	Todas las edades	01 Andalucía	1988	479
098  Suicidio y lesiones autoinfligidas	Hombres	Todas las edades	01 Andalucía	1987	449
098  Suicidio y lesiones autoinfligidas	Hombres	Todas las edades	01 Andalucía	1986	467
098  Suicidio y lesiones autoinfligidas	Hombres	Todas las edades	01 Andalucía	1985	421
098  Suicidio y lesiones autoinfligidas	Hombres	Todas las edades	01 Andalucía	1984	446
098  Suicidio y lesiones autoinfligidas	Hombres	Todas las edades	01 Andalucía	1983	334
098  Suicidio y lesiones autoinfligidas	Hombres	Todas las edades	01 Andalucía	1982	303
098  Suicidio y lesiones autoinfligidas	Hombres	Todas las edades	01 Andalucía	1981	311
098  Suicidio y lesiones autoinfligidas	Hombres	Todas las edades	01 Andalucía	1980	250
098  Suicidio y lesiones autoinfligidas	Hombres	Todas las edades	02 Aragón	2022	86
098  Suicidio y lesiones autoinfligidas	Hombres	Todas las edades	02 Aragón	2021	87
098  Suicidio y lesiones autoinfligidas	Hombres	Todas las edades	02 Aragón	2020	69
098  Suicidio y lesiones autoinfligidas	Hombres	Todas las edades	02 Aragón	2019	81
098  Suicidio y lesiones autoinfligidas	Hombres	Todas las edades	02 Aragón	2018	95
098  Suicidio y lesiones autoinfligidas	Hombres	Todas las edades	02 Aragón	2017	73
098  Suicidio y lesiones autoinfligidas	Hombres	Todas las edades	02 Aragón	2016	85
098  Suicidio y lesiones autoinfligidas	Hombres	Todas las edades	02 Aragón	2015	98
098  Suicidio y lesiones autoinfligidas	Hombres	Todas las edades	02 Aragón	2014	91
098  Suicidio y lesiones autoinfligidas	Hombres	Todas las edades	02 Aragón	2013	68
098  Suicidio y lesiones autoinfligidas	Hombres	Todas las edades	02 Aragón	2012	75
098  Suicidio y lesiones autoinfligidas	Hombres	Todas las edades	02 Aragón	2011	61
098  Suicidio y lesiones autoinfligidas	Hombres	Todas las edades	02 Aragón	2010	74
098  Suicidio y lesiones autoinfligidas	Hombres	Todas las edades	02 Aragón	2009	88
098  Suicidio y lesiones autoinfligidas	Hombres	Todas las edades	02 Aragón	2008	74
098  Suicidio y lesiones autoinfligidas	Hombres	Todas las edades	02 Aragón	2007	80
098  Suicidio y lesiones autoinfligidas	Hombres	Todas las edades	02 Aragón	2006	64
098  Suicidio y lesiones autoinfligidas	Hombres	Todas las edades	02 Aragón	2005	75
098  Suicidio y lesiones autoinfligidas	Hombres	Todas las edades	02 Aragón	2004	88
098  Suicidio y lesiones autoinfligidas	Hombres	Todas las edades	02 Aragón	2003	69
098  Suicidio y lesiones autoinfligidas	Hombres	Todas las edades	02 Aragón	2002	82
098  Suicidio y lesiones autoinfligidas	Hombres	Todas las edades	02 Aragón	2001	71
098  Suicidio y lesiones autoinfligidas	Hombres	Todas las edades	02 Aragón	2000	72
098  Suicidio y lesiones autoinfligidas	Hombres	Todas las edades	02 Aragón	1999	79
098  Suicidio y lesiones autoinfligidas	Hombres	Todas las edades	02 Aragón	1998	83
098  Suicidio y lesiones autoinfligidas	Hombres	Todas las edades	02 Aragón	1997	78
098  Suicidio y lesiones autoinfligidas	Hombres	Todas las edades	02 Aragón	1996	74
098  Suicidio y lesiones autoinfligidas	Hombres	Todas las edades	02 Aragón	1995	86
098  Suicidio y lesiones autoinfligidas	Hombres	Todas las edades	02 Aragón	1994	75
098  Suicidio y lesiones autoinfligidas	Hombres	Todas las edades	02 Aragón	1993	93
098  Suicidio y lesiones autoinfligidas	Hombres	Todas las edades	02 Aragón	1992	77
098  Suicidio y lesiones autoinfligidas	Hombres	Todas las edades	02 Aragón	1991	86
098  Suicidio y lesiones autoinfligidas	Hombres	Todas las edades	02 Aragón	1990	78
098  Suicidio y lesiones autoinfligidas	Hombres	Todas las edades	02 Aragón	1989	81
098  Suicidio y lesiones autoinfligidas	Hombres	Todas las edades	02 Aragón	1988	63
098  Suicidio y lesiones autoinfligidas	Hombres	Todas las edades	02 Aragón	1987	49
098  Suicidio y lesiones autoinfligidas	Hombres	Todas las edades	02 Aragón	1986	51
098  Suicidio y lesiones autoinfligidas	Hombres	Todas las edades	02 Aragón	1985	64
098  Suicidio y lesiones autoinfligidas	Hombres	Todas las edades	02 Aragón	1984	52
098  Suicidio y lesiones autoinfligidas	Hombres	Todas las edades	02 Aragón	1983	43
098  Suicidio y lesiones autoinfligidas	Hombres	Todas las edades	02 Aragón	1982	32
098  Suicidio y lesiones autoinfligidas	Hombres	Todas las edades	02 Aragón	1981	34
098  Suicidio y lesiones autoinfligidas	Hombres	Todas las edades	02 Aragón	1980	29
098  Suicidio y lesiones autoinfligidas	Hombres	Todas las edades	03 Asturias, Principado de	2022	91
098  Suicidio y lesiones autoinfligidas	Hombres	Todas las edades	03 Asturias, Principado de	2021	90
098  Suicidio y lesiones autoinfligidas	Hombres	Todas las edades	03 Asturias, Principado de	2020	89
098  Suicidio y lesiones autoinfligidas	Hombres	Todas las edades	03 Asturias, Principado de	2019	97
098  Suicidio y lesiones autoinfligidas	Hombres	Todas las edades	03 Asturias, Principado de	2018	97
098  Suicidio y lesiones autoinfligidas	Hombres	Todas las edades	03 Asturias, Principado de	2017	91
098  Suicidio y lesiones autoinfligidas	Hombres	Todas las edades	03 Asturias, Principado de	2016	94
098  Suicidio y lesiones autoinfligidas	Hombres	Todas las edades	03 Asturias, Principado de	2015	91
098  Suicidio y lesiones autoinfligidas	Hombres	Todas las edades	03 Asturias, Principado de	2014	108
098  Suicidio y lesiones autoinfligidas	Hombres	Todas las edades	03 Asturias, Principado de	2013	107
098  Suicidio y lesiones autoinfligidas	Hombres	Todas las edades	03 Asturias, Principado de	2012	84
098  Suicidio y lesiones autoinfligidas	Hombres	Todas las edades	03 Asturias, Principado de	2011	84
098  Suicidio y lesiones autoinfligidas	Hombres	Todas las edades	03 Asturias, Principado de	2010	111
098  Suicidio y lesiones autoinfligidas	Hombres	Todas las edades	03 Asturias, Principado de	2009	90
098  Suicidio y lesiones autoinfligidas	Hombres	Todas las edades	03 Asturias, Principado de	2008	80
098  Suicidio y lesiones autoinfligidas	Hombres	Todas las edades	03 Asturias, Principado de	2007	93
098  Suicidio y lesiones autoinfligidas	Hombres	Todas las edades	03 Asturias, Principado de	2006	95
098  Suicidio y lesiones autoinfligidas	Hombres	Todas las edades	03 Asturias, Principado de	2005	82
098  Suicidio y lesiones autoinfligidas	Hombres	Todas las edades	03 Asturias, Principado de	2004	95
098  Suicidio y lesiones autoinfligidas	Hombres	Todas las edades	03 Asturias, Principado de	2003	92
098  Suicidio y lesiones autoinfligidas	Hombres	Todas las edades	03 Asturias, Principado de	2002	94
098  Suicidio y lesiones autoinfligidas	Hombres	Todas las edades	03 Asturias, Principado de	2001	111
098  Suicidio y lesiones autoinfligidas	Hombres	Todas las edades	03 Asturias, Principado de	2000	120
098  Suicidio y lesiones autoinfligidas	Hombres	Todas las edades	03 Asturias, Principado de	1999	101
098  Suicidio y lesiones autoinfligidas	Hombres	Todas las edades	03 Asturias, Principado de	1998	98
098  Suicidio y lesiones autoinfligidas	Hombres	Todas las edades	03 Asturias, Principado de	1997	121
098  Suicidio y lesiones autoinfligidas	Hombres	Todas las edades	03 Asturias, Principado de	1996	122
098  Suicidio y lesiones autoinfligidas	Hombres	Todas las edades	03 Asturias, Principado de	1995	110
098  Suicidio y lesiones autoinfligidas	Hombres	Todas las edades	03 Asturias, Principado de	1994	116
098  Suicidio y lesiones autoinfligidas	Hombres	Todas las edades	03 Asturias, Principado de	1993	106
098  Suicidio y lesiones autoinfligidas	Hombres	Todas las edades	03 Asturias, Principado de	1992	99
098  Suicidio y lesiones autoinfligidas	Hombres	Todas las edades	03 Asturias, Principado de	1991	104
098  Suicidio y lesiones autoinfligidas	Hombres	Todas las edades	03 Asturias, Principado de	1990	97
098  Suicidio y lesiones autoinfligidas	Hombres	Todas las edades	03 Asturias, Principado de	1989	93
098  Suicidio y lesiones autoinfligidas	Hombres	Todas las edades	03 Asturias, Principado de	1988	115
098  Suicidio y lesiones autoinfligidas	Hombres	Todas las edades	03 Asturias, Principado de	1987	91
098  Suicidio y lesiones autoinfligidas	Hombres	Todas las edades	03 Asturias, Principado de	1986	92
098  Suicidio y lesiones autoinfligidas	Hombres	Todas las edades	03 Asturias, Principado de	1985	103
098  Suicidio y lesiones autoinfligidas	Hombres	Todas las edades	03 Asturias, Principado de	1984	94
098  Suicidio y lesiones autoinfligidas	Hombres	Todas las edades	03 Asturias, Principado de	1983	94
098  Suicidio y lesiones autoinfligidas	Hombres	Todas las edades	03 Asturias, Principado de	1982	64
098  Suicidio y lesiones autoinfligidas	Hombres	Todas las edades	03 Asturias, Principado de	1981	69
098  Suicidio y lesiones autoinfligidas	Hombres	Todas las edades	03 Asturias, Principado de	1980	82
098  Suicidio y lesiones autoinfligidas	Hombres	Todas las edades	04 Balears, Illes	2022	75
098  Suicidio y lesiones autoinfligidas	Hombres	Todas las edades	04 Balears, Illes	2021	67
098  Suicidio y lesiones autoinfligidas	Hombres	Todas las edades	04 Balears, Illes	2020	71
098  Suicidio y lesiones autoinfligidas	Hombres	Todas las edades	04 Balears, Illes	2019	71
098  Suicidio y lesiones autoinfligidas	Hombres	Todas las edades	04 Balears, Illes	2018	54
098  Suicidio y lesiones autoinfligidas	Hombres	Todas las edades	04 Balears, Illes	2017	71
098  Suicidio y lesiones autoinfligidas	Hombres	Todas las edades	04 Balears, Illes	2016	67
098  Suicidio y lesiones autoinfligidas	Hombres	Todas las edades	04 Balears, Illes	2015	62
098  Suicidio y lesiones autoinfligidas	Hombres	Todas las edades	04 Balears, Illes	2014	67
098  Suicidio y lesiones autoinfligidas	Hombres	Todas las edades	04 Balears, Illes	2013	81
098  Suicidio y lesiones autoinfligidas	Hombres	Todas las edades	04 Balears, Illes	2012	70
098  Suicidio y lesiones autoinfligidas	Hombres	Todas las edades	04 Balears, Illes	2011	60
098  Suicidio y lesiones autoinfligidas	Hombres	Todas las edades	04 Balears, Illes	2010	75
098  Suicidio y lesiones autoinfligidas	Hombres	Todas las edades	04 Balears, Illes	2009	85
098  Suicidio y lesiones autoinfligidas	Hombres	Todas las edades	04 Balears, Illes	2008	64
098  Suicidio y lesiones autoinfligidas	Hombres	Todas las edades	04 Balears, Illes	2007	61
098  Suicidio y lesiones autoinfligidas	Hombres	Todas las edades	04 Balears, Illes	2006	55
098  Suicidio y lesiones autoinfligidas	Hombres	Todas las edades	04 Balears, Illes	2005	56
098  Suicidio y lesiones autoinfligidas	Hombres	Todas las edades	04 Balears, Illes	2004	54
098  Suicidio y lesiones autoinfligidas	Hombres	Todas las edades	04 Balears, Illes	2003	60
098  Suicidio y lesiones autoinfligidas	Hombres	Todas las edades	04 Balears, Illes	2002	46
098  Suicidio y lesiones autoinfligidas	Hombres	Todas las edades	04 Balears, Illes	2001	39
098  Suicidio y lesiones autoinfligidas	Hombres	Todas las edades	04 Balears, Illes	2000	51
098  Suicidio y lesiones autoinfligidas	Hombres	Todas las edades	04 Balears, Illes	1999	34
098  Suicidio y lesiones autoinfligidas	Hombres	Todas las edades	04 Balears, Illes	1998	43
098  Suicidio y lesiones autoinfligidas	Hombres	Todas las edades	04 Balears, Illes	1997	48
098  Suicidio y lesiones autoinfligidas	Hombres	Todas las edades	04 Balears, Illes	1996	51
098  Suicidio y lesiones autoinfligidas	Hombres	Todas las edades	04 Balears, Illes	1995	49
098  Suicidio y lesiones autoinfligidas	Hombres	Todas las edades	04 Balears, Illes	1994	42
098  Suicidio y lesiones autoinfligidas	Hombres	Todas las edades	04 Balears, Illes	1993	42
098  Suicidio y lesiones autoinfligidas	Hombres	Todas las edades	04 Balears, Illes	1992	47
098  Suicidio y lesiones autoinfligidas	Hombres	Todas las edades	04 Balears, Illes	1991	51
098  Suicidio y lesiones autoinfligidas	Hombres	Todas las edades	04 Balears, Illes	1990	40
098  Suicidio y lesiones autoinfligidas	Hombres	Todas las edades	04 Balears, Illes	1989	47
098  Suicidio y lesiones autoinfligidas	Hombres	Todas las edades	04 Balears, Illes	1988	34
098  Suicidio y lesiones autoinfligidas	Hombres	Todas las edades	04 Balears, Illes	1987	34
098  Suicidio y lesiones autoinfligidas	Hombres	Todas las edades	04 Balears, Illes	1986	34
098  Suicidio y lesiones autoinfligidas	Hombres	Todas las edades	04 Balears, Illes	1985	23
098  Suicidio y lesiones autoinfligidas	Hombres	Todas las edades	04 Balears, Illes	1984	17
098  Suicidio y lesiones autoinfligidas	Hombres	Todas las edades	04 Balears, Illes	1983	19
098  Suicidio y lesiones autoinfligidas	Hombres	Todas las edades	04 Balears, Illes	1982	21
098  Suicidio y lesiones autoinfligidas	Hombres	Todas las edades	04 Balears, Illes	1981	12
098  Suicidio y lesiones autoinfligidas	Hombres	Todas las edades	04 Balears, Illes	1980	18
098  Suicidio y lesiones autoinfligidas	Hombres	Todas las edades	05 Canarias	2022	180
098  Suicidio y lesiones autoinfligidas	Hombres	Todas las edades	05 Canarias	2021	169
098  Suicidio y lesiones autoinfligidas	Hombres	Todas las edades	05 Canarias	2020	159
098  Suicidio y lesiones autoinfligidas	Hombres	Todas las edades	05 Canarias	2019	165
098  Suicidio y lesiones autoinfligidas	Hombres	Todas las edades	05 Canarias	2018	154
098  Suicidio y lesiones autoinfligidas	Hombres	Todas las edades	05 Canarias	2017	147
098  Suicidio y lesiones autoinfligidas	Hombres	Todas las edades	05 Canarias	2016	143
098  Suicidio y lesiones autoinfligidas	Hombres	Todas las edades	05 Canarias	2015	142
098  Suicidio y lesiones autoinfligidas	Hombres	Todas las edades	05 Canarias	2014	135
098  Suicidio y lesiones autoinfligidas	Hombres	Todas las edades	05 Canarias	2013	138
098  Suicidio y lesiones autoinfligidas	Hombres	Todas las edades	05 Canarias	2012	153
098  Suicidio y lesiones autoinfligidas	Hombres	Todas las edades	05 Canarias	2011	107
098  Suicidio y lesiones autoinfligidas	Hombres	Todas las edades	05 Canarias	2010	126
098  Suicidio y lesiones autoinfligidas	Hombres	Todas las edades	05 Canarias	2009	129
098  Suicidio y lesiones autoinfligidas	Hombres	Todas las edades	05 Canarias	2008	154
098  Suicidio y lesiones autoinfligidas	Hombres	Todas las edades	05 Canarias	2007	122
098  Suicidio y lesiones autoinfligidas	Hombres	Todas las edades	05 Canarias	2006	142
098  Suicidio y lesiones autoinfligidas	Hombres	Todas las edades	05 Canarias	2005	119
098  Suicidio y lesiones autoinfligidas	Hombres	Todas las edades	05 Canarias	2004	115
098  Suicidio y lesiones autoinfligidas	Hombres	Todas las edades	05 Canarias	2003	111
098  Suicidio y lesiones autoinfligidas	Hombres	Todas las edades	05 Canarias	2002	108
098  Suicidio y lesiones autoinfligidas	Hombres	Todas las edades	05 Canarias	2001	102
098  Suicidio y lesiones autoinfligidas	Hombres	Todas las edades	05 Canarias	2000	109
098  Suicidio y lesiones autoinfligidas	Hombres	Todas las edades	05 Canarias	1999	98
098  Suicidio y lesiones autoinfligidas	Hombres	Todas las edades	05 Canarias	1998	113
098  Suicidio y lesiones autoinfligidas	Hombres	Todas las edades	05 Canarias	1997	142
098  Suicidio y lesiones autoinfligidas	Hombres	Todas las edades	05 Canarias	1996	100
098  Suicidio y lesiones autoinfligidas	Hombres	Todas las edades	05 Canarias	1995	102
098  Suicidio y lesiones autoinfligidas	Hombres	Todas las edades	05 Canarias	1994	81
098  Suicidio y lesiones autoinfligidas	Hombres	Todas las edades	05 Canarias	1993	76
098  Suicidio y lesiones autoinfligidas	Hombres	Todas las edades	05 Canarias	1992	55
098  Suicidio y lesiones autoinfligidas	Hombres	Todas las edades	05 Canarias	1991	61
098  Suicidio y lesiones autoinfligidas	Hombres	Todas las edades	05 Canarias	1990	73
098  Suicidio y lesiones autoinfligidas	Hombres	Todas las edades	05 Canarias	1989	93
098  Suicidio y lesiones autoinfligidas	Hombres	Todas las edades	05 Canarias	1988	90
098  Suicidio y lesiones autoinfligidas	Hombres	Todas las edades	05 Canarias	1987	80
098  Suicidio y lesiones autoinfligidas	Hombres	Todas las edades	05 Canarias	1986	90
098  Suicidio y lesiones autoinfligidas	Hombres	Todas las edades	05 Canarias	1985	75
098  Suicidio y lesiones autoinfligidas	Hombres	Todas las edades	05 Canarias	1984	110
098  Suicidio y lesiones autoinfligidas	Hombres	Todas las edades	05 Canarias	1983	81
098  Suicidio y lesiones autoinfligidas	Hombres	Todas las edades	05 Canarias	1982	59
098  Suicidio y lesiones autoinfligidas	Hombres	Todas las edades	05 Canarias	1981	56
098  Suicidio y lesiones autoinfligidas	Hombres	Todas las edades	05 Canarias	1980	56
098  Suicidio y lesiones autoinfligidas	Hombres	Todas las edades	06 Cantabria	2022	39
098  Suicidio y lesiones autoinfligidas	Hombres	Todas las edades	06 Cantabria	2021	40
098  Suicidio y lesiones autoinfligidas	Hombres	Todas las edades	06 Cantabria	2020	34
098  Suicidio y lesiones autoinfligidas	Hombres	Todas las edades	06 Cantabria	2019	25
098  Suicidio y lesiones autoinfligidas	Hombres	Todas las edades	06 Cantabria	2018	23
098  Suicidio y lesiones autoinfligidas	Hombres	Todas las edades	06 Cantabria	2017	18
098  Suicidio y lesiones autoinfligidas	Hombres	Todas las edades	06 Cantabria	2016	32
098  Suicidio y lesiones autoinfligidas	Hombres	Todas las edades	06 Cantabria	2015	28
098  Suicidio y lesiones autoinfligidas	Hombres	Todas las edades	06 Cantabria	2014	28
098  Suicidio y lesiones autoinfligidas	Hombres	Todas las edades	06 Cantabria	2013	26
098  Suicidio y lesiones autoinfligidas	Hombres	Todas las edades	06 Cantabria	2012	25
098  Suicidio y lesiones autoinfligidas	Hombres	Todas las edades	06 Cantabria	2011	24
098  Suicidio y lesiones autoinfligidas	Hombres	Todas las edades	06 Cantabria	2010	19
098  Suicidio y lesiones autoinfligidas	Hombres	Todas las edades	06 Cantabria	2009	31
098  Suicidio y lesiones autoinfligidas	Hombres	Todas las edades	06 Cantabria	2008	21
098  Suicidio y lesiones autoinfligidas	Hombres	Todas las edades	06 Cantabria	2007	13
098  Suicidio y lesiones autoinfligidas	Hombres	Todas las edades	06 Cantabria	2006	22
098  Suicidio y lesiones autoinfligidas	Hombres	Todas las edades	06 Cantabria	2005	23
098  Suicidio y lesiones autoinfligidas	Hombres	Todas las edades	06 Cantabria	2004	15
098  Suicidio y lesiones autoinfligidas	Hombres	Todas las edades	06 Cantabria	2003	25
098  Suicidio y lesiones autoinfligidas	Hombres	Todas las edades	06 Cantabria	2002	21
098  Suicidio y lesiones autoinfligidas	Hombres	Todas las edades	06 Cantabria	2001	22
098  Suicidio y lesiones autoinfligidas	Hombres	Todas las edades	06 Cantabria	2000	14
098  Suicidio y lesiones autoinfligidas	Hombres	Todas las edades	06 Cantabria	1999	35
098  Suicidio y lesiones autoinfligidas	Hombres	Todas las edades	06 Cantabria	1998	26
098  Suicidio y lesiones autoinfligidas	Hombres	Todas las edades	06 Cantabria	1997	25
098  Suicidio y lesiones autoinfligidas	Hombres	Todas las edades	06 Cantabria	1996	28
098  Suicidio y lesiones autoinfligidas	Hombres	Todas las edades	06 Cantabria	1995	20
098  Suicidio y lesiones autoinfligidas	Hombres	Todas las edades	06 Cantabria	1994	19
098  Suicidio y lesiones autoinfligidas	Hombres	Todas las edades	06 Cantabria	1993	19
098  Suicidio y lesiones autoinfligidas	Hombres	Todas las edades	06 Cantabria	1992	21
098  Suicidio y lesiones autoinfligidas	Hombres	Todas las edades	06 Cantabria	1991	21
098  Suicidio y lesiones autoinfligidas	Hombres	Todas las edades	06 Cantabria	1990	15
098  Suicidio y lesiones autoinfligidas	Hombres	Todas las edades	06 Cantabria	1989	24
098  Suicidio y lesiones autoinfligidas	Hombres	Todas las edades	06 Cantabria	1988	29
098  Suicidio y lesiones autoinfligidas	Hombres	Todas las edades	06 Cantabria	1987	28
098  Suicidio y lesiones autoinfligidas	Hombres	Todas las edades	06 Cantabria	1986	25
098  Suicidio y lesiones autoinfligidas	Hombres	Todas las edades	06 Cantabria	1985	20
098  Suicidio y lesiones autoinfligidas	Hombres	Todas las edades	06 Cantabria	1984	17
098  Suicidio y lesiones autoinfligidas	Hombres	Todas las edades	06 Cantabria	1983	18
098  Suicidio y lesiones autoinfligidas	Hombres	Todas las edades	06 Cantabria	1982	16
098  Suicidio y lesiones autoinfligidas	Hombres	Todas las edades	06 Cantabria	1981	21
098  Suicidio y lesiones autoinfligidas	Hombres	Todas las edades	06 Cantabria	1980	25
098  Suicidio y lesiones autoinfligidas	Hombres	Todas las edades	07 Castilla y León	2022	179
098  Suicidio y lesiones autoinfligidas	Hombres	Todas las edades	07 Castilla y León	2021	168
098  Suicidio y lesiones autoinfligidas	Hombres	Todas las edades	07 Castilla y León	2020	177
098  Suicidio y lesiones autoinfligidas	Hombres	Todas las edades	07 Castilla y León	2019	165
098  Suicidio y lesiones autoinfligidas	Hombres	Todas las edades	07 Castilla y León	2018	158
098  Suicidio y lesiones autoinfligidas	Hombres	Todas las edades	07 Castilla y León	2017	155
098  Suicidio y lesiones autoinfligidas	Hombres	Todas las edades	07 Castilla y León	2016	161
098  Suicidio y lesiones autoinfligidas	Hombres	Todas las edades	07 Castilla y León	2015	169
098  Suicidio y lesiones autoinfligidas	Hombres	Todas las edades	07 Castilla y León	2014	187
098  Suicidio y lesiones autoinfligidas	Hombres	Todas las edades	07 Castilla y León	2013	164
098  Suicidio y lesiones autoinfligidas	Hombres	Todas las edades	07 Castilla y León	2012	154
098  Suicidio y lesiones autoinfligidas	Hombres	Todas las edades	07 Castilla y León	2011	139
098  Suicidio y lesiones autoinfligidas	Hombres	Todas las edades	07 Castilla y León	2010	172
098  Suicidio y lesiones autoinfligidas	Hombres	Todas las edades	07 Castilla y León	2009	174
098  Suicidio y lesiones autoinfligidas	Hombres	Todas las edades	07 Castilla y León	2008	174
098  Suicidio y lesiones autoinfligidas	Hombres	Todas las edades	07 Castilla y León	2007	164
098  Suicidio y lesiones autoinfligidas	Hombres	Todas las edades	07 Castilla y León	2006	162
098  Suicidio y lesiones autoinfligidas	Hombres	Todas las edades	07 Castilla y León	2005	159
098  Suicidio y lesiones autoinfligidas	Hombres	Todas las edades	07 Castilla y León	2004	169
098  Suicidio y lesiones autoinfligidas	Hombres	Todas las edades	07 Castilla y León	2003	185
098  Suicidio y lesiones autoinfligidas	Hombres	Todas las edades	07 Castilla y León	2002	168
098  Suicidio y lesiones autoinfligidas	Hombres	Todas las edades	07 Castilla y León	2001	168
098  Suicidio y lesiones autoinfligidas	Hombres	Todas las edades	07 Castilla y León	2000	179
098  Suicidio y lesiones autoinfligidas	Hombres	Todas las edades	07 Castilla y León	1999	145
098  Suicidio y lesiones autoinfligidas	Hombres	Todas las edades	07 Castilla y León	1998	169
098  Suicidio y lesiones autoinfligidas	Hombres	Todas las edades	07 Castilla y León	1997	162
098  Suicidio y lesiones autoinfligidas	Hombres	Todas las edades	07 Castilla y León	1996	158
098  Suicidio y lesiones autoinfligidas	Hombres	Todas las edades	07 Castilla y León	1995	170
098  Suicidio y lesiones autoinfligidas	Hombres	Todas las edades	07 Castilla y León	1994	187
098  Suicidio y lesiones autoinfligidas	Hombres	Todas las edades	07 Castilla y León	1993	147
098  Suicidio y lesiones autoinfligidas	Hombres	Todas las edades	07 Castilla y León	1992	153
098  Suicidio y lesiones autoinfligidas	Hombres	Todas las edades	07 Castilla y León	1991	181
098  Suicidio y lesiones autoinfligidas	Hombres	Todas las edades	07 Castilla y León	1990	149
098  Suicidio y lesiones autoinfligidas	Hombres	Todas las edades	07 Castilla y León	1989	142
098  Suicidio y lesiones autoinfligidas	Hombres	Todas las edades	07 Castilla y León	1988	182
098  Suicidio y lesiones autoinfligidas	Hombres	Todas las edades	07 Castilla y León	1987	144
098  Suicidio y lesiones autoinfligidas	Hombres	Todas las edades	07 Castilla y León	1986	153
098  Suicidio y lesiones autoinfligidas	Hombres	Todas las edades	07 Castilla y León	1985	116
098  Suicidio y lesiones autoinfligidas	Hombres	Todas las edades	07 Castilla y León	1984	138
098  Suicidio y lesiones autoinfligidas	Hombres	Todas las edades	07 Castilla y León	1983	105
098  Suicidio y lesiones autoinfligidas	Hombres	Todas las edades	07 Castilla y León	1982	120
098  Suicidio y lesiones autoinfligidas	Hombres	Todas las edades	07 Castilla y León	1981	89
098  Suicidio y lesiones autoinfligidas	Hombres	Todas las edades	07 Castilla y León	1980	96
098  Suicidio y lesiones autoinfligidas	Hombres	Todas las edades	08 Castilla - La Mancha	2022	147
098  Suicidio y lesiones autoinfligidas	Hombres	Todas las edades	08 Castilla - La Mancha	2021	137
098  Suicidio y lesiones autoinfligidas	Hombres	Todas las edades	08 Castilla - La Mancha	2020	147
098  Suicidio y lesiones autoinfligidas	Hombres	Todas las edades	08 Castilla - La Mancha	2019	115
098  Suicidio y lesiones autoinfligidas	Hombres	Todas las edades	08 Castilla - La Mancha	2018	94
098  Suicidio y lesiones autoinfligidas	Hombres	Todas las edades	08 Castilla - La Mancha	2017	126
098  Suicidio y lesiones autoinfligidas	Hombres	Todas las edades	08 Castilla - La Mancha	2016	113
098  Suicidio y lesiones autoinfligidas	Hombres	Todas las edades	08 Castilla - La Mancha	2015	140
098  Suicidio y lesiones autoinfligidas	Hombres	Todas las edades	08 Castilla - La Mancha	2014	151
098  Suicidio y lesiones autoinfligidas	Hombres	Todas las edades	08 Castilla - La Mancha	2013	152
098  Suicidio y lesiones autoinfligidas	Hombres	Todas las edades	08 Castilla - La Mancha	2012	134
098  Suicidio y lesiones autoinfligidas	Hombres	Todas las edades	08 Castilla - La Mancha	2011	121
098  Suicidio y lesiones autoinfligidas	Hombres	Todas las edades	08 Castilla - La Mancha	2010	116
098  Suicidio y lesiones autoinfligidas	Hombres	Todas las edades	08 Castilla - La Mancha	2009	140
098  Suicidio y lesiones autoinfligidas	Hombres	Todas las edades	08 Castilla - La Mancha	2008	121
098  Suicidio y lesiones autoinfligidas	Hombres	Todas las edades	08 Castilla - La Mancha	2007	116
098  Suicidio y lesiones autoinfligidas	Hombres	Todas las edades	08 Castilla - La Mancha	2006	118
098  Suicidio y lesiones autoinfligidas	Hombres	Todas las edades	08 Castilla - La Mancha	2005	125
098  Suicidio y lesiones autoinfligidas	Hombres	Todas las edades	08 Castilla - La Mancha	2004	132
098  Suicidio y lesiones autoinfligidas	Hombres	Todas las edades	08 Castilla - La Mancha	2003	128
098  Suicidio y lesiones autoinfligidas	Hombres	Todas las edades	08 Castilla - La Mancha	2002	115
098  Suicidio y lesiones autoinfligidas	Hombres	Todas las edades	08 Castilla - La Mancha	2001	110
098  Suicidio y lesiones autoinfligidas	Hombres	Todas las edades	08 Castilla - La Mancha	2000	118
098  Suicidio y lesiones autoinfligidas	Hombres	Todas las edades	08 Castilla - La Mancha	1999	98
098  Suicidio y lesiones autoinfligidas	Hombres	Todas las edades	08 Castilla - La Mancha	1998	114
098  Suicidio y lesiones autoinfligidas	Hombres	Todas las edades	08 Castilla - La Mancha	1997	93
098  Suicidio y lesiones autoinfligidas	Hombres	Todas las edades	08 Castilla - La Mancha	1996	108
098  Suicidio y lesiones autoinfligidas	Hombres	Todas las edades	08 Castilla - La Mancha	1995	123
098  Suicidio y lesiones autoinfligidas	Hombres	Todas las edades	08 Castilla - La Mancha	1994	98
098  Suicidio y lesiones autoinfligidas	Hombres	Todas las edades	08 Castilla - La Mancha	1993	118
098  Suicidio y lesiones autoinfligidas	Hombres	Todas las edades	08 Castilla - La Mancha	1992	82
098  Suicidio y lesiones autoinfligidas	Hombres	Todas las edades	08 Castilla - La Mancha	1991	126
098  Suicidio y lesiones autoinfligidas	Hombres	Todas las edades	08 Castilla - La Mancha	1990	105
098  Suicidio y lesiones autoinfligidas	Hombres	Todas las edades	08 Castilla - La Mancha	1989	93
098  Suicidio y lesiones autoinfligidas	Hombres	Todas las edades	08 Castilla - La Mancha	1988	93
098  Suicidio y lesiones autoinfligidas	Hombres	Todas las edades	08 Castilla - La Mancha	1987	100
098  Suicidio y lesiones autoinfligidas	Hombres	Todas las edades	08 Castilla - La Mancha	1986	107
098  Suicidio y lesiones autoinfligidas	Hombres	Todas las edades	08 Castilla - La Mancha	1985	88
098  Suicidio y lesiones autoinfligidas	Hombres	Todas las edades	08 Castilla - La Mancha	1984	79
098  Suicidio y lesiones autoinfligidas	Hombres	Todas las edades	08 Castilla - La Mancha	1983	102
098  Suicidio y lesiones autoinfligidas	Hombres	Todas las edades	08 Castilla - La Mancha	1982	74
098  Suicidio y lesiones autoinfligidas	Hombres	Todas las edades	08 Castilla - La Mancha	1981	92
098  Suicidio y lesiones autoinfligidas	Hombres	Todas las edades	08 Castilla - La Mancha	1980	65
098  Suicidio y lesiones autoinfligidas	Hombres	Todas las edades	09 Cataluña	2022	440
098  Suicidio y lesiones autoinfligidas	Hombres	Todas las edades	09 Cataluña	2021	435
098  Suicidio y lesiones autoinfligidas	Hombres	Todas las edades	09 Cataluña	2020	414
098  Suicidio y lesiones autoinfligidas	Hombres	Todas las edades	09 Cataluña	2019	380
098  Suicidio y lesiones autoinfligidas	Hombres	Todas las edades	09 Cataluña	2018	381
098  Suicidio y lesiones autoinfligidas	Hombres	Todas las edades	09 Cataluña	2017	374
098  Suicidio y lesiones autoinfligidas	Hombres	Todas las edades	09 Cataluña	2016	355
098  Suicidio y lesiones autoinfligidas	Hombres	Todas las edades	09 Cataluña	2015	362
098  Suicidio y lesiones autoinfligidas	Hombres	Todas las edades	09 Cataluña	2014	393
098  Suicidio y lesiones autoinfligidas	Hombres	Todas las edades	09 Cataluña	2013	419
098  Suicidio y lesiones autoinfligidas	Hombres	Todas las edades	09 Cataluña	2012	397
098  Suicidio y lesiones autoinfligidas	Hombres	Todas las edades	09 Cataluña	2011	355
098  Suicidio y lesiones autoinfligidas	Hombres	Todas las edades	09 Cataluña	2010	325
098  Suicidio y lesiones autoinfligidas	Hombres	Todas las edades	09 Cataluña	2009	329
098  Suicidio y lesiones autoinfligidas	Hombres	Todas las edades	09 Cataluña	2008	323
098  Suicidio y lesiones autoinfligidas	Hombres	Todas las edades	09 Cataluña	2007	278
098  Suicidio y lesiones autoinfligidas	Hombres	Todas las edades	09 Cataluña	2006	291
098  Suicidio y lesiones autoinfligidas	Hombres	Todas las edades	09 Cataluña	2005	322
098  Suicidio y lesiones autoinfligidas	Hombres	Todas las edades	09 Cataluña	2004	361
098  Suicidio y lesiones autoinfligidas	Hombres	Todas las edades	09 Cataluña	2003	348
098  Suicidio y lesiones autoinfligidas	Hombres	Todas las edades	09 Cataluña	2002	369
098  Suicidio y lesiones autoinfligidas	Hombres	Todas las edades	09 Cataluña	2001	354
098  Suicidio y lesiones autoinfligidas	Hombres	Todas las edades	09 Cataluña	2000	343
098  Suicidio y lesiones autoinfligidas	Hombres	Todas las edades	09 Cataluña	1999	339
098  Suicidio y lesiones autoinfligidas	Hombres	Todas las edades	09 Cataluña	1998	352
098  Suicidio y lesiones autoinfligidas	Hombres	Todas las edades	09 Cataluña	1997	337
098  Suicidio y lesiones autoinfligidas	Hombres	Todas las edades	09 Cataluña	1996	325
098  Suicidio y lesiones autoinfligidas	Hombres	Todas las edades	09 Cataluña	1995	350
098  Suicidio y lesiones autoinfligidas	Hombres	Todas las edades	09 Cataluña	1994	350
098  Suicidio y lesiones autoinfligidas	Hombres	Todas las edades	09 Cataluña	1993	301
098  Suicidio y lesiones autoinfligidas	Hombres	Todas las edades	09 Cataluña	1992	323
098  Suicidio y lesiones autoinfligidas	Hombres	Todas las edades	09 Cataluña	1991	291
098  Suicidio y lesiones autoinfligidas	Hombres	Todas las edades	09 Cataluña	1990	312
098  Suicidio y lesiones autoinfligidas	Hombres	Todas las edades	09 Cataluña	1989	346
098  Suicidio y lesiones autoinfligidas	Hombres	Todas las edades	09 Cataluña	1988	265
098  Suicidio y lesiones autoinfligidas	Hombres	Todas las edades	09 Cataluña	1987	249
098  Suicidio y lesiones autoinfligidas	Hombres	Todas las edades	09 Cataluña	1986	274
098  Suicidio y lesiones autoinfligidas	Hombres	Todas las edades	09 Cataluña	1985	271
098  Suicidio y lesiones autoinfligidas	Hombres	Todas las edades	09 Cataluña	1984	258
098  Suicidio y lesiones autoinfligidas	Hombres	Todas las edades	09 Cataluña	1983	178
098  Suicidio y lesiones autoinfligidas	Hombres	Todas las edades	09 Cataluña	1982	111
098  Suicidio y lesiones autoinfligidas	Hombres	Todas las edades	09 Cataluña	1981	91
098  Suicidio y lesiones autoinfligidas	Hombres	Todas las edades	09 Cataluña	1980	104
098  Suicidio y lesiones autoinfligidas	Hombres	Todas las edades	10 Comunitat Valenciana	2022	328
098  Suicidio y lesiones autoinfligidas	Hombres	Todas las edades	10 Comunitat Valenciana	2021	299
098  Suicidio y lesiones autoinfligidas	Hombres	Todas las edades	10 Comunitat Valenciana	2020	317
098  Suicidio y lesiones autoinfligidas	Hombres	Todas las edades	10 Comunitat Valenciana	2019	348
098  Suicidio y lesiones autoinfligidas	Hombres	Todas las edades	10 Comunitat Valenciana	2018	293
098  Suicidio y lesiones autoinfligidas	Hombres	Todas las edades	10 Comunitat Valenciana	2017	280
098  Suicidio y lesiones autoinfligidas	Hombres	Todas las edades	10 Comunitat Valenciana	2016	255
098  Suicidio y lesiones autoinfligidas	Hombres	Todas las edades	10 Comunitat Valenciana	2015	274
098  Suicidio y lesiones autoinfligidas	Hombres	Todas las edades	10 Comunitat Valenciana	2014	278
098  Suicidio y lesiones autoinfligidas	Hombres	Todas las edades	10 Comunitat Valenciana	2013	291
098  Suicidio y lesiones autoinfligidas	Hombres	Todas las edades	10 Comunitat Valenciana	2012	308
098  Suicidio y lesiones autoinfligidas	Hombres	Todas las edades	10 Comunitat Valenciana	2011	256
098  Suicidio y lesiones autoinfligidas	Hombres	Todas las edades	10 Comunitat Valenciana	2010	300
098  Suicidio y lesiones autoinfligidas	Hombres	Todas las edades	10 Comunitat Valenciana	2009	288
098  Suicidio y lesiones autoinfligidas	Hombres	Todas las edades	10 Comunitat Valenciana	2008	278
098  Suicidio y lesiones autoinfligidas	Hombres	Todas las edades	10 Comunitat Valenciana	2007	290
098  Suicidio y lesiones autoinfligidas	Hombres	Todas las edades	10 Comunitat Valenciana	2006	260
098  Suicidio y lesiones autoinfligidas	Hombres	Todas las edades	10 Comunitat Valenciana	2005	275
098  Suicidio y lesiones autoinfligidas	Hombres	Todas las edades	10 Comunitat Valenciana	2004	264
098  Suicidio y lesiones autoinfligidas	Hombres	Todas las edades	10 Comunitat Valenciana	2003	261
098  Suicidio y lesiones autoinfligidas	Hombres	Todas las edades	10 Comunitat Valenciana	2002	227
098  Suicidio y lesiones autoinfligidas	Hombres	Todas las edades	10 Comunitat Valenciana	2001	242
098  Suicidio y lesiones autoinfligidas	Hombres	Todas las edades	10 Comunitat Valenciana	2000	262
098  Suicidio y lesiones autoinfligidas	Hombres	Todas las edades	10 Comunitat Valenciana	1999	262
098  Suicidio y lesiones autoinfligidas	Hombres	Todas las edades	10 Comunitat Valenciana	1998	239
098  Suicidio y lesiones autoinfligidas	Hombres	Todas las edades	10 Comunitat Valenciana	1997	229
098  Suicidio y lesiones autoinfligidas	Hombres	Todas las edades	10 Comunitat Valenciana	1996	262
098  Suicidio y lesiones autoinfligidas	Hombres	Todas las edades	10 Comunitat Valenciana	1995	239
098  Suicidio y lesiones autoinfligidas	Hombres	Todas las edades	10 Comunitat Valenciana	1994	239
098  Suicidio y lesiones autoinfligidas	Hombres	Todas las edades	10 Comunitat Valenciana	1993	258
098  Suicidio y lesiones autoinfligidas	Hombres	Todas las edades	10 Comunitat Valenciana	1992	242
098  Suicidio y lesiones autoinfligidas	Hombres	Todas las edades	10 Comunitat Valenciana	1991	219
098  Suicidio y lesiones autoinfligidas	Hombres	Todas las edades	10 Comunitat Valenciana	1990	208
098  Suicidio y lesiones autoinfligidas	Hombres	Todas las edades	10 Comunitat Valenciana	1989	200
098  Suicidio y lesiones autoinfligidas	Hombres	Todas las edades	10 Comunitat Valenciana	1988	180
098  Suicidio y lesiones autoinfligidas	Hombres	Todas las edades	10 Comunitat Valenciana	1987	143
098  Suicidio y lesiones autoinfligidas	Hombres	Todas las edades	10 Comunitat Valenciana	1986	184
098  Suicidio y lesiones autoinfligidas	Hombres	Todas las edades	10 Comunitat Valenciana	1985	163
098  Suicidio y lesiones autoinfligidas	Hombres	Todas las edades	10 Comunitat Valenciana	1984	155
098  Suicidio y lesiones autoinfligidas	Hombres	Todas las edades	10 Comunitat Valenciana	1983	154
098  Suicidio y lesiones autoinfligidas	Hombres	Todas las edades	10 Comunitat Valenciana	1982	144
098  Suicidio y lesiones autoinfligidas	Hombres	Todas las edades	10 Comunitat Valenciana	1981	135
098  Suicidio y lesiones autoinfligidas	Hombres	Todas las edades	10 Comunitat Valenciana	1980	128
098  Suicidio y lesiones autoinfligidas	Hombres	Todas las edades	11 Extremadura	2022	74
098  Suicidio y lesiones autoinfligidas	Hombres	Todas las edades	11 Extremadura	2021	63
098  Suicidio y lesiones autoinfligidas	Hombres	Todas las edades	11 Extremadura	2020	79
098  Suicidio y lesiones autoinfligidas	Hombres	Todas las edades	11 Extremadura	2019	68
098  Suicidio y lesiones autoinfligidas	Hombres	Todas las edades	11 Extremadura	2018	58
098  Suicidio y lesiones autoinfligidas	Hombres	Todas las edades	11 Extremadura	2017	61
098  Suicidio y lesiones autoinfligidas	Hombres	Todas las edades	11 Extremadura	2016	66
098  Suicidio y lesiones autoinfligidas	Hombres	Todas las edades	11 Extremadura	2015	48
098  Suicidio y lesiones autoinfligidas	Hombres	Todas las edades	11 Extremadura	2014	51
098  Suicidio y lesiones autoinfligidas	Hombres	Todas las edades	11 Extremadura	2013	60
098  Suicidio y lesiones autoinfligidas	Hombres	Todas las edades	11 Extremadura	2012	66
098  Suicidio y lesiones autoinfligidas	Hombres	Todas las edades	11 Extremadura	2011	59
098  Suicidio y lesiones autoinfligidas	Hombres	Todas las edades	11 Extremadura	2010	73
098  Suicidio y lesiones autoinfligidas	Hombres	Todas las edades	11 Extremadura	2009	56
098  Suicidio y lesiones autoinfligidas	Hombres	Todas las edades	11 Extremadura	2008	68
098  Suicidio y lesiones autoinfligidas	Hombres	Todas las edades	11 Extremadura	2007	63
098  Suicidio y lesiones autoinfligidas	Hombres	Todas las edades	11 Extremadura	2006	58
098  Suicidio y lesiones autoinfligidas	Hombres	Todas las edades	11 Extremadura	2005	74
098  Suicidio y lesiones autoinfligidas	Hombres	Todas las edades	11 Extremadura	2004	73
098  Suicidio y lesiones autoinfligidas	Hombres	Todas las edades	11 Extremadura	2003	48
098  Suicidio y lesiones autoinfligidas	Hombres	Todas las edades	11 Extremadura	2002	72
098  Suicidio y lesiones autoinfligidas	Hombres	Todas las edades	11 Extremadura	2001	55
098  Suicidio y lesiones autoinfligidas	Hombres	Todas las edades	11 Extremadura	2000	67
098  Suicidio y lesiones autoinfligidas	Hombres	Todas las edades	11 Extremadura	1999	65
098  Suicidio y lesiones autoinfligidas	Hombres	Todas las edades	11 Extremadura	1998	63
098  Suicidio y lesiones autoinfligidas	Hombres	Todas las edades	11 Extremadura	1997	71
098  Suicidio y lesiones autoinfligidas	Hombres	Todas las edades	11 Extremadura	1996	57
098  Suicidio y lesiones autoinfligidas	Hombres	Todas las edades	11 Extremadura	1995	66
098  Suicidio y lesiones autoinfligidas	Hombres	Todas las edades	11 Extremadura	1994	60
098  Suicidio y lesiones autoinfligidas	Hombres	Todas las edades	11 Extremadura	1993	61
098  Suicidio y lesiones autoinfligidas	Hombres	Todas las edades	11 Extremadura	1992	52
098  Suicidio y lesiones autoinfligidas	Hombres	Todas las edades	11 Extremadura	1991	48
098  Suicidio y lesiones autoinfligidas	Hombres	Todas las edades	11 Extremadura	1990	56
098  Suicidio y lesiones autoinfligidas	Hombres	Todas las edades	11 Extremadura	1989	63
098  Suicidio y lesiones autoinfligidas	Hombres	Todas las edades	11 Extremadura	1988	70
098  Suicidio y lesiones autoinfligidas	Hombres	Todas las edades	11 Extremadura	1987	63
098  Suicidio y lesiones autoinfligidas	Hombres	Todas las edades	11 Extremadura	1986	58
098  Suicidio y lesiones autoinfligidas	Hombres	Todas las edades	11 Extremadura	1985	56
098  Suicidio y lesiones autoinfligidas	Hombres	Todas las edades	11 Extremadura	1984	69
098  Suicidio y lesiones autoinfligidas	Hombres	Todas las edades	11 Extremadura	1983	71
098  Suicidio y lesiones autoinfligidas	Hombres	Todas las edades	11 Extremadura	1982	52
098  Suicidio y lesiones autoinfligidas	Hombres	Todas las edades	11 Extremadura	1981	44
098  Suicidio y lesiones autoinfligidas	Hombres	Todas las edades	11 Extremadura	1980	53
098  Suicidio y lesiones autoinfligidas	Hombres	Todas las edades	12 Galicia	2022	236
098  Suicidio y lesiones autoinfligidas	Hombres	Todas las edades	12 Galicia	2021	228
098  Suicidio y lesiones autoinfligidas	Hombres	Todas las edades	12 Galicia	2020	219
098  Suicidio y lesiones autoinfligidas	Hombres	Todas las edades	12 Galicia	2019	220
098  Suicidio y lesiones autoinfligidas	Hombres	Todas las edades	12 Galicia	2018	192
098  Suicidio y lesiones autoinfligidas	Hombres	Todas las edades	12 Galicia	2017	242
098  Suicidio y lesiones autoinfligidas	Hombres	Todas las edades	12 Galicia	2016	235
098  Suicidio y lesiones autoinfligidas	Hombres	Todas las edades	12 Galicia	2015	229
098  Suicidio y lesiones autoinfligidas	Hombres	Todas las edades	12 Galicia	2014	279
098  Suicidio y lesiones autoinfligidas	Hombres	Todas las edades	12 Galicia	2013	245
098  Suicidio y lesiones autoinfligidas	Hombres	Todas las edades	12 Galicia	2012	252
098  Suicidio y lesiones autoinfligidas	Hombres	Todas las edades	12 Galicia	2011	240
098  Suicidio y lesiones autoinfligidas	Hombres	Todas las edades	12 Galicia	2010	202
098  Suicidio y lesiones autoinfligidas	Hombres	Todas las edades	12 Galicia	2009	252
098  Suicidio y lesiones autoinfligidas	Hombres	Todas las edades	12 Galicia	2008	215
098  Suicidio y lesiones autoinfligidas	Hombres	Todas las edades	12 Galicia	2007	216
098  Suicidio y lesiones autoinfligidas	Hombres	Todas las edades	12 Galicia	2006	223
098  Suicidio y lesiones autoinfligidas	Hombres	Todas las edades	12 Galicia	2005	239
098  Suicidio y lesiones autoinfligidas	Hombres	Todas las edades	12 Galicia	2004	224
098  Suicidio y lesiones autoinfligidas	Hombres	Todas las edades	12 Galicia	2003	246
098  Suicidio y lesiones autoinfligidas	Hombres	Todas las edades	12 Galicia	2002	208
098  Suicidio y lesiones autoinfligidas	Hombres	Todas las edades	12 Galicia	2001	193
098  Suicidio y lesiones autoinfligidas	Hombres	Todas las edades	12 Galicia	2000	220
098  Suicidio y lesiones autoinfligidas	Hombres	Todas las edades	12 Galicia	1999	211
098  Suicidio y lesiones autoinfligidas	Hombres	Todas las edades	12 Galicia	1998	244
098  Suicidio y lesiones autoinfligidas	Hombres	Todas las edades	12 Galicia	1997	221
098  Suicidio y lesiones autoinfligidas	Hombres	Todas las edades	12 Galicia	1996	246
098  Suicidio y lesiones autoinfligidas	Hombres	Todas las edades	12 Galicia	1995	225
098  Suicidio y lesiones autoinfligidas	Hombres	Todas las edades	12 Galicia	1994	230
098  Suicidio y lesiones autoinfligidas	Hombres	Todas las edades	12 Galicia	1993	274
098  Suicidio y lesiones autoinfligidas	Hombres	Todas las edades	12 Galicia	1992	207
098  Suicidio y lesiones autoinfligidas	Hombres	Todas las edades	12 Galicia	1991	213
098  Suicidio y lesiones autoinfligidas	Hombres	Todas las edades	12 Galicia	1990	197
098  Suicidio y lesiones autoinfligidas	Hombres	Todas las edades	12 Galicia	1989	196
098  Suicidio y lesiones autoinfligidas	Hombres	Todas las edades	12 Galicia	1988	224
098  Suicidio y lesiones autoinfligidas	Hombres	Todas las edades	12 Galicia	1987	235
098  Suicidio y lesiones autoinfligidas	Hombres	Todas las edades	12 Galicia	1986	195
098  Suicidio y lesiones autoinfligidas	Hombres	Todas las edades	12 Galicia	1985	169
098  Suicidio y lesiones autoinfligidas	Hombres	Todas las edades	12 Galicia	1984	173
098  Suicidio y lesiones autoinfligidas	Hombres	Todas las edades	12 Galicia	1983	157
098  Suicidio y lesiones autoinfligidas	Hombres	Todas las edades	12 Galicia	1982	143
098  Suicidio y lesiones autoinfligidas	Hombres	Todas las edades	12 Galicia	1981	109
098  Suicidio y lesiones autoinfligidas	Hombres	Todas las edades	12 Galicia	1980	111
098  Suicidio y lesiones autoinfligidas	Hombres	Todas las edades	13 Madrid, Comunidad de	2022	270
098  Suicidio y lesiones autoinfligidas	Hombres	Todas las edades	13 Madrid, Comunidad de	2021	253
098  Suicidio y lesiones autoinfligidas	Hombres	Todas las edades	13 Madrid, Comunidad de	2020	258
098  Suicidio y lesiones autoinfligidas	Hombres	Todas las edades	13 Madrid, Comunidad de	2019	245
098  Suicidio y lesiones autoinfligidas	Hombres	Todas las edades	13 Madrid, Comunidad de	2018	232
098  Suicidio y lesiones autoinfligidas	Hombres	Todas las edades	13 Madrid, Comunidad de	2017	251
098  Suicidio y lesiones autoinfligidas	Hombres	Todas las edades	13 Madrid, Comunidad de	2016	218
098  Suicidio y lesiones autoinfligidas	Hombres	Todas las edades	13 Madrid, Comunidad de	2015	225
098  Suicidio y lesiones autoinfligidas	Hombres	Todas las edades	13 Madrid, Comunidad de	2014	246
098  Suicidio y lesiones autoinfligidas	Hombres	Todas las edades	13 Madrid, Comunidad de	2013	227
098  Suicidio y lesiones autoinfligidas	Hombres	Todas las edades	13 Madrid, Comunidad de	2012	71
098  Suicidio y lesiones autoinfligidas	Hombres	Todas las edades	13 Madrid, Comunidad de	2011	108
098  Suicidio y lesiones autoinfligidas	Hombres	Todas las edades	13 Madrid, Comunidad de	2010	93
098  Suicidio y lesiones autoinfligidas	Hombres	Todas las edades	13 Madrid, Comunidad de	2009	117
098  Suicidio y lesiones autoinfligidas	Hombres	Todas las edades	13 Madrid, Comunidad de	2008	139
098  Suicidio y lesiones autoinfligidas	Hombres	Todas las edades	13 Madrid, Comunidad de	2007	112
098  Suicidio y lesiones autoinfligidas	Hombres	Todas las edades	13 Madrid, Comunidad de	2006	169
098  Suicidio y lesiones autoinfligidas	Hombres	Todas las edades	13 Madrid, Comunidad de	2005	192
098  Suicidio y lesiones autoinfligidas	Hombres	Todas las edades	13 Madrid, Comunidad de	2004	222
098  Suicidio y lesiones autoinfligidas	Hombres	Todas las edades	13 Madrid, Comunidad de	2003	201
098  Suicidio y lesiones autoinfligidas	Hombres	Todas las edades	13 Madrid, Comunidad de	2002	192
098  Suicidio y lesiones autoinfligidas	Hombres	Todas las edades	13 Madrid, Comunidad de	2001	183
098  Suicidio y lesiones autoinfligidas	Hombres	Todas las edades	13 Madrid, Comunidad de	2000	174
098  Suicidio y lesiones autoinfligidas	Hombres	Todas las edades	13 Madrid, Comunidad de	1999	112
098  Suicidio y lesiones autoinfligidas	Hombres	Todas las edades	13 Madrid, Comunidad de	1998	135
098  Suicidio y lesiones autoinfligidas	Hombres	Todas las edades	13 Madrid, Comunidad de	1997	141
098  Suicidio y lesiones autoinfligidas	Hombres	Todas las edades	13 Madrid, Comunidad de	1996	130
098  Suicidio y lesiones autoinfligidas	Hombres	Todas las edades	13 Madrid, Comunidad de	1995	117
098  Suicidio y lesiones autoinfligidas	Hombres	Todas las edades	13 Madrid, Comunidad de	1994	141
098  Suicidio y lesiones autoinfligidas	Hombres	Todas las edades	13 Madrid, Comunidad de	1993	99
098  Suicidio y lesiones autoinfligidas	Hombres	Todas las edades	13 Madrid, Comunidad de	1992	85
098  Suicidio y lesiones autoinfligidas	Hombres	Todas las edades	13 Madrid, Comunidad de	1991	102
098  Suicidio y lesiones autoinfligidas	Hombres	Todas las edades	13 Madrid, Comunidad de	1990	117
098  Suicidio y lesiones autoinfligidas	Hombres	Todas las edades	13 Madrid, Comunidad de	1989	118
098  Suicidio y lesiones autoinfligidas	Hombres	Todas las edades	13 Madrid, Comunidad de	1988	128
098  Suicidio y lesiones autoinfligidas	Hombres	Todas las edades	13 Madrid, Comunidad de	1987	124
098  Suicidio y lesiones autoinfligidas	Hombres	Todas las edades	13 Madrid, Comunidad de	1986	115
098  Suicidio y lesiones autoinfligidas	Hombres	Todas las edades	13 Madrid, Comunidad de	1985	120
098  Suicidio y lesiones autoinfligidas	Hombres	Todas las edades	13 Madrid, Comunidad de	1984	88
098  Suicidio y lesiones autoinfligidas	Hombres	Todas las edades	13 Madrid, Comunidad de	1983	95
098  Suicidio y lesiones autoinfligidas	Hombres	Todas las edades	13 Madrid, Comunidad de	1982	80
098  Suicidio y lesiones autoinfligidas	Hombres	Todas las edades	13 Madrid, Comunidad de	1981	90
098  Suicidio y lesiones autoinfligidas	Hombres	Todas las edades	13 Madrid, Comunidad de	1980	93
098  Suicidio y lesiones autoinfligidas	Hombres	Todas las edades	14 Murcia, Región de	2022	107
098  Suicidio y lesiones autoinfligidas	Hombres	Todas las edades	14 Murcia, Región de	2021	94
098  Suicidio y lesiones autoinfligidas	Hombres	Todas las edades	14 Murcia, Región de	2020	101
098  Suicidio y lesiones autoinfligidas	Hombres	Todas las edades	14 Murcia, Región de	2019	101
098  Suicidio y lesiones autoinfligidas	Hombres	Todas las edades	14 Murcia, Región de	2018	94
098  Suicidio y lesiones autoinfligidas	Hombres	Todas las edades	14 Murcia, Región de	2017	82
098  Suicidio y lesiones autoinfligidas	Hombres	Todas las edades	14 Murcia, Región de	2016	93
098  Suicidio y lesiones autoinfligidas	Hombres	Todas las edades	14 Murcia, Región de	2015	78
098  Suicidio y lesiones autoinfligidas	Hombres	Todas las edades	14 Murcia, Región de	2014	71
098  Suicidio y lesiones autoinfligidas	Hombres	Todas las edades	14 Murcia, Región de	2013	78
098  Suicidio y lesiones autoinfligidas	Hombres	Todas las edades	14 Murcia, Región de	2012	86
098  Suicidio y lesiones autoinfligidas	Hombres	Todas las edades	14 Murcia, Región de	2011	93
098  Suicidio y lesiones autoinfligidas	Hombres	Todas las edades	14 Murcia, Región de	2010	71
098  Suicidio y lesiones autoinfligidas	Hombres	Todas las edades	14 Murcia, Región de	2009	82
098  Suicidio y lesiones autoinfligidas	Hombres	Todas las edades	14 Murcia, Región de	2008	86
098  Suicidio y lesiones autoinfligidas	Hombres	Todas las edades	14 Murcia, Región de	2007	85
098  Suicidio y lesiones autoinfligidas	Hombres	Todas las edades	14 Murcia, Región de	2006	99
098  Suicidio y lesiones autoinfligidas	Hombres	Todas las edades	14 Murcia, Región de	2005	82
098  Suicidio y lesiones autoinfligidas	Hombres	Todas las edades	14 Murcia, Región de	2004	94
098  Suicidio y lesiones autoinfligidas	Hombres	Todas las edades	14 Murcia, Región de	2003	78
098  Suicidio y lesiones autoinfligidas	Hombres	Todas las edades	14 Murcia, Región de	2002	76
098  Suicidio y lesiones autoinfligidas	Hombres	Todas las edades	14 Murcia, Región de	2001	68
098  Suicidio y lesiones autoinfligidas	Hombres	Todas las edades	14 Murcia, Región de	2000	85
098  Suicidio y lesiones autoinfligidas	Hombres	Todas las edades	14 Murcia, Región de	1999	88
098  Suicidio y lesiones autoinfligidas	Hombres	Todas las edades	14 Murcia, Región de	1998	91
098  Suicidio y lesiones autoinfligidas	Hombres	Todas las edades	14 Murcia, Región de	1997	81
098  Suicidio y lesiones autoinfligidas	Hombres	Todas las edades	14 Murcia, Región de	1996	68
098  Suicidio y lesiones autoinfligidas	Hombres	Todas las edades	14 Murcia, Región de	1995	83
098  Suicidio y lesiones autoinfligidas	Hombres	Todas las edades	14 Murcia, Región de	1994	75
098  Suicidio y lesiones autoinfligidas	Hombres	Todas las edades	14 Murcia, Región de	1993	53
098  Suicidio y lesiones autoinfligidas	Hombres	Todas las edades	14 Murcia, Región de	1992	60
098  Suicidio y lesiones autoinfligidas	Hombres	Todas las edades	14 Murcia, Región de	1991	45
098  Suicidio y lesiones autoinfligidas	Hombres	Todas las edades	14 Murcia, Región de	1990	49
098  Suicidio y lesiones autoinfligidas	Hombres	Todas las edades	14 Murcia, Región de	1989	53
098  Suicidio y lesiones autoinfligidas	Hombres	Todas las edades	14 Murcia, Región de	1988	44
098  Suicidio y lesiones autoinfligidas	Hombres	Todas las edades	14 Murcia, Región de	1987	52
098  Suicidio y lesiones autoinfligidas	Hombres	Todas las edades	14 Murcia, Región de	1986	43
098  Suicidio y lesiones autoinfligidas	Hombres	Todas las edades	14 Murcia, Región de	1985	34
098  Suicidio y lesiones autoinfligidas	Hombres	Todas las edades	14 Murcia, Región de	1984	30
098  Suicidio y lesiones autoinfligidas	Hombres	Todas las edades	14 Murcia, Región de	1983	27
098  Suicidio y lesiones autoinfligidas	Hombres	Todas las edades	14 Murcia, Región de	1982	32
098  Suicidio y lesiones autoinfligidas	Hombres	Todas las edades	14 Murcia, Región de	1981	37
098  Suicidio y lesiones autoinfligidas	Hombres	Todas las edades	14 Murcia, Región de	1980	27
098  Suicidio y lesiones autoinfligidas	Hombres	Todas las edades	15 Navarra, Comunidad Foral de	2022	38
098  Suicidio y lesiones autoinfligidas	Hombres	Todas las edades	15 Navarra, Comunidad Foral de	2021	38
098  Suicidio y lesiones autoinfligidas	Hombres	Todas las edades	15 Navarra, Comunidad Foral de	2020	32
098  Suicidio y lesiones autoinfligidas	Hombres	Todas las edades	15 Navarra, Comunidad Foral de	2019	34
098  Suicidio y lesiones autoinfligidas	Hombres	Todas las edades	15 Navarra, Comunidad Foral de	2018	28
098  Suicidio y lesiones autoinfligidas	Hombres	Todas las edades	15 Navarra, Comunidad Foral de	2017	39
098  Suicidio y lesiones autoinfligidas	Hombres	Todas las edades	15 Navarra, Comunidad Foral de	2016	34
098  Suicidio y lesiones autoinfligidas	Hombres	Todas las edades	15 Navarra, Comunidad Foral de	2015	27
098  Suicidio y lesiones autoinfligidas	Hombres	Todas las edades	15 Navarra, Comunidad Foral de	2014	38
098  Suicidio y lesiones autoinfligidas	Hombres	Todas las edades	15 Navarra, Comunidad Foral de	2013	36
098  Suicidio y lesiones autoinfligidas	Hombres	Todas las edades	15 Navarra, Comunidad Foral de	2012	39
098  Suicidio y lesiones autoinfligidas	Hombres	Todas las edades	15 Navarra, Comunidad Foral de	2011	38
098  Suicidio y lesiones autoinfligidas	Hombres	Todas las edades	15 Navarra, Comunidad Foral de	2010	31
098  Suicidio y lesiones autoinfligidas	Hombres	Todas las edades	15 Navarra, Comunidad Foral de	2009	48
098  Suicidio y lesiones autoinfligidas	Hombres	Todas las edades	15 Navarra, Comunidad Foral de	2008	36
098  Suicidio y lesiones autoinfligidas	Hombres	Todas las edades	15 Navarra, Comunidad Foral de	2007	42
098  Suicidio y lesiones autoinfligidas	Hombres	Todas las edades	15 Navarra, Comunidad Foral de	2006	32
098  Suicidio y lesiones autoinfligidas	Hombres	Todas las edades	15 Navarra, Comunidad Foral de	2005	42
098  Suicidio y lesiones autoinfligidas	Hombres	Todas las edades	15 Navarra, Comunidad Foral de	2004	41
098  Suicidio y lesiones autoinfligidas	Hombres	Todas las edades	15 Navarra, Comunidad Foral de	2003	34
098  Suicidio y lesiones autoinfligidas	Hombres	Todas las edades	15 Navarra, Comunidad Foral de	2002	46
098  Suicidio y lesiones autoinfligidas	Hombres	Todas las edades	15 Navarra, Comunidad Foral de	2001	32
098  Suicidio y lesiones autoinfligidas	Hombres	Todas las edades	15 Navarra, Comunidad Foral de	2000	37
098  Suicidio y lesiones autoinfligidas	Hombres	Todas las edades	15 Navarra, Comunidad Foral de	1999	33
098  Suicidio y lesiones autoinfligidas	Hombres	Todas las edades	15 Navarra, Comunidad Foral de	1998	39
098  Suicidio y lesiones autoinfligidas	Hombres	Todas las edades	15 Navarra, Comunidad Foral de	1997	38
098  Suicidio y lesiones autoinfligidas	Hombres	Todas las edades	15 Navarra, Comunidad Foral de	1996	38
098  Suicidio y lesiones autoinfligidas	Hombres	Todas las edades	15 Navarra, Comunidad Foral de	1995	29
098  Suicidio y lesiones autoinfligidas	Hombres	Todas las edades	15 Navarra, Comunidad Foral de	1994	32
098  Suicidio y lesiones autoinfligidas	Hombres	Todas las edades	15 Navarra, Comunidad Foral de	1993	43
098  Suicidio y lesiones autoinfligidas	Hombres	Todas las edades	15 Navarra, Comunidad Foral de	1992	32
098  Suicidio y lesiones autoinfligidas	Hombres	Todas las edades	15 Navarra, Comunidad Foral de	1991	16
098  Suicidio y lesiones autoinfligidas	Hombres	Todas las edades	15 Navarra, Comunidad Foral de	1990	32
098  Suicidio y lesiones autoinfligidas	Hombres	Todas las edades	15 Navarra, Comunidad Foral de	1989	30
098  Suicidio y lesiones autoinfligidas	Hombres	Todas las edades	15 Navarra, Comunidad Foral de	1988	24
098  Suicidio y lesiones autoinfligidas	Hombres	Todas las edades	15 Navarra, Comunidad Foral de	1987	32
098  Suicidio y lesiones autoinfligidas	Hombres	Todas las edades	15 Navarra, Comunidad Foral de	1986	36
098  Suicidio y lesiones autoinfligidas	Hombres	Todas las edades	15 Navarra, Comunidad Foral de	1985	18
098  Suicidio y lesiones autoinfligidas	Hombres	Todas las edades	15 Navarra, Comunidad Foral de	1984	15
098  Suicidio y lesiones autoinfligidas	Hombres	Todas las edades	15 Navarra, Comunidad Foral de	1983	18
098  Suicidio y lesiones autoinfligidas	Hombres	Todas las edades	15 Navarra, Comunidad Foral de	1982	17
098  Suicidio y lesiones autoinfligidas	Hombres	Todas las edades	15 Navarra, Comunidad Foral de	1981	19
098  Suicidio y lesiones autoinfligidas	Hombres	Todas las edades	15 Navarra, Comunidad Foral de	1980	21
098  Suicidio y lesiones autoinfligidas	Hombres	Todas las edades	16 País Vasco	2022	124
098  Suicidio y lesiones autoinfligidas	Hombres	Todas las edades	16 País Vasco	2021	106
098  Suicidio y lesiones autoinfligidas	Hombres	Todas las edades	16 País Vasco	2020	135
098  Suicidio y lesiones autoinfligidas	Hombres	Todas las edades	16 País Vasco	2019	111
098  Suicidio y lesiones autoinfligidas	Hombres	Todas las edades	16 País Vasco	2018	115
098  Suicidio y lesiones autoinfligidas	Hombres	Todas las edades	16 País Vasco	2017	136
098  Suicidio y lesiones autoinfligidas	Hombres	Todas las edades	16 País Vasco	2016	132
098  Suicidio y lesiones autoinfligidas	Hombres	Todas las edades	16 País Vasco	2015	128
098  Suicidio y lesiones autoinfligidas	Hombres	Todas las edades	16 País Vasco	2014	123
098  Suicidio y lesiones autoinfligidas	Hombres	Todas las edades	16 País Vasco	2013	130
098  Suicidio y lesiones autoinfligidas	Hombres	Todas las edades	16 País Vasco	2012	133
098  Suicidio y lesiones autoinfligidas	Hombres	Todas las edades	16 País Vasco	2011	123
098  Suicidio y lesiones autoinfligidas	Hombres	Todas las edades	16 País Vasco	2010	101
098  Suicidio y lesiones autoinfligidas	Hombres	Todas las edades	16 País Vasco	2009	127
098  Suicidio y lesiones autoinfligidas	Hombres	Todas las edades	16 País Vasco	2008	126
098  Suicidio y lesiones autoinfligidas	Hombres	Todas las edades	16 País Vasco	2007	130
098  Suicidio y lesiones autoinfligidas	Hombres	Todas las edades	16 País Vasco	2006	115
098  Suicidio y lesiones autoinfligidas	Hombres	Todas las edades	16 País Vasco	2005	127
098  Suicidio y lesiones autoinfligidas	Hombres	Todas las edades	16 País Vasco	2004	127
098  Suicidio y lesiones autoinfligidas	Hombres	Todas las edades	16 País Vasco	2003	122
098  Suicidio y lesiones autoinfligidas	Hombres	Todas las edades	16 País Vasco	2002	131
098  Suicidio y lesiones autoinfligidas	Hombres	Todas las edades	16 País Vasco	2001	103
098  Suicidio y lesiones autoinfligidas	Hombres	Todas las edades	16 País Vasco	2000	120
098  Suicidio y lesiones autoinfligidas	Hombres	Todas las edades	16 País Vasco	1999	126
098  Suicidio y lesiones autoinfligidas	Hombres	Todas las edades	16 País Vasco	1998	134
098  Suicidio y lesiones autoinfligidas	Hombres	Todas las edades	16 País Vasco	1997	137
098  Suicidio y lesiones autoinfligidas	Hombres	Todas las edades	16 País Vasco	1996	128
098  Suicidio y lesiones autoinfligidas	Hombres	Todas las edades	16 País Vasco	1995	94
098  Suicidio y lesiones autoinfligidas	Hombres	Todas las edades	16 País Vasco	1994	104
098  Suicidio y lesiones autoinfligidas	Hombres	Todas las edades	16 País Vasco	1993	118
098  Suicidio y lesiones autoinfligidas	Hombres	Todas las edades	16 País Vasco	1992	104
098  Suicidio y lesiones autoinfligidas	Hombres	Todas las edades	16 País Vasco	1991	100
098  Suicidio y lesiones autoinfligidas	Hombres	Todas las edades	16 País Vasco	1990	115
098  Suicidio y lesiones autoinfligidas	Hombres	Todas las edades	16 País Vasco	1989	93
098  Suicidio y lesiones autoinfligidas	Hombres	Todas las edades	16 País Vasco	1988	89
098  Suicidio y lesiones autoinfligidas	Hombres	Todas las edades	16 País Vasco	1987	97
098  Suicidio y lesiones autoinfligidas	Hombres	Todas las edades	16 País Vasco	1986	59
098  Suicidio y lesiones autoinfligidas	Hombres	Todas las edades	16 País Vasco	1985	44
098  Suicidio y lesiones autoinfligidas	Hombres	Todas las edades	16 País Vasco	1984	68
098  Suicidio y lesiones autoinfligidas	Hombres	Todas las edades	16 País Vasco	1983	64
098  Suicidio y lesiones autoinfligidas	Hombres	Todas las edades	16 País Vasco	1982	39
098  Suicidio y lesiones autoinfligidas	Hombres	Todas las edades	16 País Vasco	1981	40
098  Suicidio y lesiones autoinfligidas	Hombres	Todas las edades	16 País Vasco	1980	47
098  Suicidio y lesiones autoinfligidas	Hombres	Todas las edades	17 Rioja, La	2022	22
098  Suicidio y lesiones autoinfligidas	Hombres	Todas las edades	17 Rioja, La	2021	18
098  Suicidio y lesiones autoinfligidas	Hombres	Todas las edades	17 Rioja, La	2020	21
098  Suicidio y lesiones autoinfligidas	Hombres	Todas las edades	17 Rioja, La	2019	20
098  Suicidio y lesiones autoinfligidas	Hombres	Todas las edades	17 Rioja, La	2018	16
098  Suicidio y lesiones autoinfligidas	Hombres	Todas las edades	17 Rioja, La	2017	20
098  Suicidio y lesiones autoinfligidas	Hombres	Todas las edades	17 Rioja, La	2016	19
098  Suicidio y lesiones autoinfligidas	Hombres	Todas las edades	17 Rioja, La	2015	20
098  Suicidio y lesiones autoinfligidas	Hombres	Todas las edades	17 Rioja, La	2014	27
098  Suicidio y lesiones autoinfligidas	Hombres	Todas las edades	17 Rioja, La	2013	17
098  Suicidio y lesiones autoinfligidas	Hombres	Todas las edades	17 Rioja, La	2012	23
098  Suicidio y lesiones autoinfligidas	Hombres	Todas las edades	17 Rioja, La	2011	16
098  Suicidio y lesiones autoinfligidas	Hombres	Todas las edades	17 Rioja, La	2010	15
098  Suicidio y lesiones autoinfligidas	Hombres	Todas las edades	17 Rioja, La	2009	20
098  Suicidio y lesiones autoinfligidas	Hombres	Todas las edades	17 Rioja, La	2008	20
098  Suicidio y lesiones autoinfligidas	Hombres	Todas las edades	17 Rioja, La	2007	19
098  Suicidio y lesiones autoinfligidas	Hombres	Todas las edades	17 Rioja, La	2006	23
098  Suicidio y lesiones autoinfligidas	Hombres	Todas las edades	17 Rioja, La	2005	21
098  Suicidio y lesiones autoinfligidas	Hombres	Todas las edades	17 Rioja, La	2004	21
098  Suicidio y lesiones autoinfligidas	Hombres	Todas las edades	17 Rioja, La	2003	24
098  Suicidio y lesiones autoinfligidas	Hombres	Todas las edades	17 Rioja, La	2002	29
098  Suicidio y lesiones autoinfligidas	Hombres	Todas las edades	17 Rioja, La	2001	26
098  Suicidio y lesiones autoinfligidas	Hombres	Todas las edades	17 Rioja, La	2000	13
098  Suicidio y lesiones autoinfligidas	Hombres	Todas las edades	17 Rioja, La	1999	22
098  Suicidio y lesiones autoinfligidas	Hombres	Todas las edades	17 Rioja, La	1998	23
098  Suicidio y lesiones autoinfligidas	Hombres	Todas las edades	17 Rioja, La	1997	19
098  Suicidio y lesiones autoinfligidas	Hombres	Todas las edades	17 Rioja, La	1996	17
098  Suicidio y lesiones autoinfligidas	Hombres	Todas las edades	17 Rioja, La	1995	17
098  Suicidio y lesiones autoinfligidas	Hombres	Todas las edades	17 Rioja, La	1994	12
098  Suicidio y lesiones autoinfligidas	Hombres	Todas las edades	17 Rioja, La	1993	24
098  Suicidio y lesiones autoinfligidas	Hombres	Todas las edades	17 Rioja, La	1992	23
098  Suicidio y lesiones autoinfligidas	Hombres	Todas las edades	17 Rioja, La	1991	24
098  Suicidio y lesiones autoinfligidas	Hombres	Todas las edades	17 Rioja, La	1990	29
098  Suicidio y lesiones autoinfligidas	Hombres	Todas las edades	17 Rioja, La	1989	16
098  Suicidio y lesiones autoinfligidas	Hombres	Todas las edades	17 Rioja, La	1988	21
098  Suicidio y lesiones autoinfligidas	Hombres	Todas las edades	17 Rioja, La	1987	20
098  Suicidio y lesiones autoinfligidas	Hombres	Todas las edades	17 Rioja, La	1986	19
098  Suicidio y lesiones autoinfligidas	Hombres	Todas las edades	17 Rioja, La	1985	26
098  Suicidio y lesiones autoinfligidas	Hombres	Todas las edades	17 Rioja, La	1984	10
098  Suicidio y lesiones autoinfligidas	Hombres	Todas las edades	17 Rioja, La	1983	14
098  Suicidio y lesiones autoinfligidas	Hombres	Todas las edades	17 Rioja, La	1982	15
098  Suicidio y lesiones autoinfligidas	Hombres	Todas las edades	17 Rioja, La	1981	8
098  Suicidio y lesiones autoinfligidas	Hombres	Todas las edades	17 Rioja, La	1980	17
098  Suicidio y lesiones autoinfligidas	Hombres	Todas las edades	18 Ceuta	2022	1
098  Suicidio y lesiones autoinfligidas	Hombres	Todas las edades	18 Ceuta	2021	2
098  Suicidio y lesiones autoinfligidas	Hombres	Todas las edades	18 Ceuta	2020	4
098  Suicidio y lesiones autoinfligidas	Hombres	Todas las edades	18 Ceuta	2019	4
098  Suicidio y lesiones autoinfligidas	Hombres	Todas las edades	18 Ceuta	2018	1
098  Suicidio y lesiones autoinfligidas	Hombres	Todas las edades	18 Ceuta	2017	2
098  Suicidio y lesiones autoinfligidas	Hombres	Todas las edades	18 Ceuta	2016	4
098  Suicidio y lesiones autoinfligidas	Hombres	Todas las edades	18 Ceuta	2015	3
098  Suicidio y lesiones autoinfligidas	Hombres	Todas las edades	18 Ceuta	2014	4
098  Suicidio y lesiones autoinfligidas	Hombres	Todas las edades	18 Ceuta	2013	3
098  Suicidio y lesiones autoinfligidas	Hombres	Todas las edades	18 Ceuta	2012	3
098  Suicidio y lesiones autoinfligidas	Hombres	Todas las edades	18 Ceuta	2011	0
098  Suicidio y lesiones autoinfligidas	Hombres	Todas las edades	18 Ceuta	2010	4
098  Suicidio y lesiones autoinfligidas	Hombres	Todas las edades	18 Ceuta	2009	5
098  Suicidio y lesiones autoinfligidas	Hombres	Todas las edades	18 Ceuta	2008	2
098  Suicidio y lesiones autoinfligidas	Hombres	Todas las edades	18 Ceuta	2007	2
098  Suicidio y lesiones autoinfligidas	Hombres	Todas las edades	18 Ceuta	2006	1
098  Suicidio y lesiones autoinfligidas	Hombres	Todas las edades	18 Ceuta	2005	3
098  Suicidio y lesiones autoinfligidas	Hombres	Todas las edades	18 Ceuta	2004	2
098  Suicidio y lesiones autoinfligidas	Hombres	Todas las edades	18 Ceuta	2003	3
098  Suicidio y lesiones autoinfligidas	Hombres	Todas las edades	18 Ceuta	2002	2
098  Suicidio y lesiones autoinfligidas	Hombres	Todas las edades	18 Ceuta	2001	1
098  Suicidio y lesiones autoinfligidas	Hombres	Todas las edades	18 Ceuta	2000	4
098  Suicidio y lesiones autoinfligidas	Hombres	Todas las edades	18 Ceuta	1999	4
098  Suicidio y lesiones autoinfligidas	Hombres	Todas las edades	18 Ceuta	1998	5
098  Suicidio y lesiones autoinfligidas	Hombres	Todas las edades	18 Ceuta	1997	3
098  Suicidio y lesiones autoinfligidas	Hombres	Todas las edades	18 Ceuta	1996	3
098  Suicidio y lesiones autoinfligidas	Hombres	Todas las edades	18 Ceuta	1995	5
098  Suicidio y lesiones autoinfligidas	Hombres	Todas las edades	18 Ceuta	1994	6
098  Suicidio y lesiones autoinfligidas	Hombres	Todas las edades	18 Ceuta	1993	1
098  Suicidio y lesiones autoinfligidas	Hombres	Todas las edades	18 Ceuta	1992	1
098  Suicidio y lesiones autoinfligidas	Hombres	Todas las edades	18 Ceuta	1991	2
098  Suicidio y lesiones autoinfligidas	Hombres	Todas las edades	18 Ceuta	1990	7
098  Suicidio y lesiones autoinfligidas	Hombres	Todas las edades	18 Ceuta	1989	10
098  Suicidio y lesiones autoinfligidas	Hombres	Todas las edades	18 Ceuta	1988	6
098  Suicidio y lesiones autoinfligidas	Hombres	Todas las edades	18 Ceuta	1987	4
098  Suicidio y lesiones autoinfligidas	Hombres	Todas las edades	18 Ceuta	1986	2
098  Suicidio y lesiones autoinfligidas	Hombres	Todas las edades	18 Ceuta	1985	5
098  Suicidio y lesiones autoinfligidas	Hombres	Todas las edades	18 Ceuta	1984	7
098  Suicidio y lesiones autoinfligidas	Hombres	Todas las edades	18 Ceuta	1983	5
098  Suicidio y lesiones autoinfligidas	Hombres	Todas las edades	18 Ceuta	1982	4
098  Suicidio y lesiones autoinfligidas	Hombres	Todas las edades	18 Ceuta	1981	3
098  Suicidio y lesiones autoinfligidas	Hombres	Todas las edades	18 Ceuta	1980	5
098  Suicidio y lesiones autoinfligidas	Hombres	Todas las edades	19 Melilla	2022	1
098  Suicidio y lesiones autoinfligidas	Hombres	Todas las edades	19 Melilla	2021	3
098  Suicidio y lesiones autoinfligidas	Hombres	Todas las edades	19 Melilla	2020	3
098  Suicidio y lesiones autoinfligidas	Hombres	Todas las edades	19 Melilla	2019	1
098  Suicidio y lesiones autoinfligidas	Hombres	Todas las edades	19 Melilla	2018	1
098  Suicidio y lesiones autoinfligidas	Hombres	Todas las edades	19 Melilla	2017	2
098  Suicidio y lesiones autoinfligidas	Hombres	Todas las edades	19 Melilla	2016	1
098  Suicidio y lesiones autoinfligidas	Hombres	Todas las edades	19 Melilla	2015	4
098  Suicidio y lesiones autoinfligidas	Hombres	Todas las edades	19 Melilla	2014	5
098  Suicidio y lesiones autoinfligidas	Hombres	Todas las edades	19 Melilla	2013	1
098  Suicidio y lesiones autoinfligidas	Hombres	Todas las edades	19 Melilla	2012	6
098  Suicidio y lesiones autoinfligidas	Hombres	Todas las edades	19 Melilla	2011	4
098  Suicidio y lesiones autoinfligidas	Hombres	Todas las edades	19 Melilla	2010	1
098  Suicidio y lesiones autoinfligidas	Hombres	Todas las edades	19 Melilla	2009	2
098  Suicidio y lesiones autoinfligidas	Hombres	Todas las edades	19 Melilla	2008	6
098  Suicidio y lesiones autoinfligidas	Hombres	Todas las edades	19 Melilla	2007	5
098  Suicidio y lesiones autoinfligidas	Hombres	Todas las edades	19 Melilla	2006	0
098  Suicidio y lesiones autoinfligidas	Hombres	Todas las edades	19 Melilla	2005	2
098  Suicidio y lesiones autoinfligidas	Hombres	Todas las edades	19 Melilla	2004	2
098  Suicidio y lesiones autoinfligidas	Hombres	Todas las edades	19 Melilla	2003	1
098  Suicidio y lesiones autoinfligidas	Hombres	Todas las edades	19 Melilla	2002	2
098  Suicidio y lesiones autoinfligidas	Hombres	Todas las edades	19 Melilla	2001	1
098  Suicidio y lesiones autoinfligidas	Hombres	Todas las edades	19 Melilla	2000	1
098  Suicidio y lesiones autoinfligidas	Hombres	Todas las edades	19 Melilla	1999	0
098  Suicidio y lesiones autoinfligidas	Hombres	Todas las edades	19 Melilla	1998	4
098  Suicidio y lesiones autoinfligidas	Hombres	Todas las edades	19 Melilla	1997	1
098  Suicidio y lesiones autoinfligidas	Hombres	Todas las edades	19 Melilla	1996	7
098  Suicidio y lesiones autoinfligidas	Hombres	Todas las edades	19 Melilla	1995	1
098  Suicidio y lesiones autoinfligidas	Hombres	Todas las edades	19 Melilla	1994	2
098  Suicidio y lesiones autoinfligidas	Hombres	Todas las edades	19 Melilla	1993	1
098  Suicidio y lesiones autoinfligidas	Hombres	Todas las edades	19 Melilla	1992	1
098  Suicidio y lesiones autoinfligidas	Hombres	Todas las edades	19 Melilla	1991	1
098  Suicidio y lesiones autoinfligidas	Hombres	Todas las edades	19 Melilla	1990	3
098  Suicidio y lesiones autoinfligidas	Hombres	Todas las edades	19 Melilla	1989	3
098  Suicidio y lesiones autoinfligidas	Hombres	Todas las edades	19 Melilla	1988	0
098  Suicidio y lesiones autoinfligidas	Hombres	Todas las edades	19 Melilla	1987	2
098  Suicidio y lesiones autoinfligidas	Hombres	Todas las edades	19 Melilla	1986	4
098  Suicidio y lesiones autoinfligidas	Hombres	Todas las edades	19 Melilla	1985	5
098  Suicidio y lesiones autoinfligidas	Hombres	Todas las edades	19 Melilla	1984	3
098  Suicidio y lesiones autoinfligidas	Hombres	Todas las edades	19 Melilla	1983	2
098  Suicidio y lesiones autoinfligidas	Hombres	Todas las edades	19 Melilla	1982	3
098  Suicidio y lesiones autoinfligidas	Hombres	Todas las edades	19 Melilla	1981	3
098  Suicidio y lesiones autoinfligidas	Hombres	Todas las edades	19 Melilla	1980	0
